Composer,Piece,Strain,,,,,,,,,,,,,,,,,,,,,,,,,,,,,,,,,,,,,,,,,,,,,,,,,,,,,,,,,,,,,,,,
joplin,breeze,a,1,1,1,1,0,1,1,1,1,1,1,1,0,1,1,0,1,1,1,1,0,1,1,1,1,1,1,1,0,1,1,0,1,1,1,1,0,1,1,1,1,1,1,1,0,1,1,0,1,1,1,1,0,1,1,1,1,0,0,0,0,0,1,0
joplin,cascades,a,1,1,1,1,1,1,1,1,1,1,1,1,1,1,1,1,1,1,1,1,1,1,1,1,1,1,1,1,1,1,1,1,1,1,1,1,1,0,0,0,1,1,1,1,1,0,0,0,0,0,0,0,0,0,0,0,1,1,1,1,1,1,1,1
joplin,countryclub,a,1,0,0,0,1,0,0,0,1,0,1,0,1,0,0,0,1,1,0,1,1,1,1,1,1,1,1,1,0,1,1,1,1,0,0,0,1,0,0,0,1,0,1,0,1,0,1,1,1,0,0,0,1,0,0,0,1,1,1,0,1,0,0,0
joplin,winners,a,1,0,1,0,0,0,1,0,1,1,0,1,1,1,1,0,1,1,0,1,1,1,1,1,0,0,1,1,1,1,1,1,1,0,1,0,0,0,1,0,1,1,0,1,1,1,1,0,1,1,0,1,1,1,1,0,1,0,0,0,0,1,1,1
joplin,elite,a,0,1,1,1,0,1,1,0,0,1,1,1,0,1,1,0,0,1,0,1,0,1,0,1,1,1,1,1,1,0,1,0,1,1,1,1,0,1,1,1,1,1,1,1,0,1,1,1,1,1,1,1,1,1,0,1,1,0,0,0,1,0,0,0
joplin,entertainer,a,1,1,0,1,1,0,1,1,0,0,0,0,0,1,1,1,1,1,1,1,0,1,1,0,1,0,0,0,0,0,1,1,1,1,0,1,1,0,1,1,0,0,0,0,0,0,1,1,1,1,1,1,0,1,1,1,1,0,0,0,0,0,1,1
joplin,eugenia,a,1,1,1,1,0,1,1,1,1,1,1,1,0,1,1,1,0,1,1,1,1,1,0,1,1,1,1,1,0,1,1,1,1,1,1,1,0,1,1,1,0,1,1,1,0,1,1,1,0,1,1,1,1,1,0,1,1,0,0,0,0,1,1,1
joplin,euphonic,a,0,1,0,1,0,1,1,1,1,0,0,0,1,0,0,0,0,1,0,1,0,1,1,1,1,0,0,0,1,0,0,0,0,0,1,1,0,1,1,1,1,1,0,1,0,1,1,1,1,1,0,1,0,1,1,1,1,0,0,0,0,0,0,0
joplin,favorite,a,1,0,1,1,0,1,1,1,1,1,0,1,1,0,1,0,1,0,1,1,0,1,1,1,1,1,0,1,1,0,1,0,1,0,1,0,1,0,1,0,1,0,1,0,1,0,1,1,1,1,1,1,1,1,1,1,1,1,1,1,1,1,1,1
joplin,figleaf,a,1,1,1,1,0,1,1,1,1,1,1,1,0,1,1,1,1,1,1,1,0,1,1,0,1,1,1,1,0,1,1,0,1,1,1,1,0,1,1,1,1,1,1,1,1,1,1,1,1,1,1,1,0,1,1,1,1,0,1,1,1,1,1,1
joplin,gladiolus,a,0,1,1,1,1,1,1,1,1,1,1,1,0,1,1,1,0,1,1,1,1,1,1,1,1,1,1,1,0,0,1,1,1,0,1,0,1,0,1,1,1,0,1,0,1,0,0,0,1,1,1,1,1,1,1,1,1,1,1,1,1,1,1,1
joplin,leola,a,0,1,1,1,1,1,0,1,1,1,1,1,1,1,1,1,0,1,1,1,1,1,0,1,1,1,1,1,1,1,1,1,1,0,1,1,1,1,1,0,1,0,1,1,1,1,1,0,0,1,1,1,0,1,1,1,0,1,1,1,1,1,1,1
joplin,magnetic,a,1,1,1,1,1,1,0,1,1,1,1,1,1,1,0,0,1,1,0,1,0,1,1,0,1,1,0,1,0,1,1,0,1,1,1,1,1,1,0,1,1,1,1,1,1,1,0,0,1,1,1,1,0,1,1,0,1,1,1,1,0,0,0,1
joplin,mapleleaf,a,0,1,1,1,1,1,0,1,1,1,1,1,0,0,0,0,0,1,1,1,1,1,0,1,1,1,1,1,0,0,0,1,0,1,1,1,0,1,0,1,0,1,1,1,0,1,0,0,0,0,0,0,0,0,0,0,0,1,1,1,0,1,1,1
joplin,nonpareil,a,1,1,1,1,0,1,1,1,1,0,0,0,0,1,1,1,1,1,1,1,0,1,1,1,1,0,0,0,0,1,1,1,1,1,1,1,0,1,1,1,1,1,1,1,0,1,1,1,1,1,1,1,0,1,1,1,1,0,0,0,0,1,1,1
joplin,original,a,1,1,1,1,0,1,1,1,1,1,1,1,0,1,1,1,1,1,0,1,1,1,1,0,1,0,0,0,0,1,1,1,1,1,1,1,0,1,1,1,1,1,1,1,0,1,1,1,1,0,1,0,0,0,1,1,1,1,0,1,1,0,1,0
joplin,palmleaf,a,1,0,1,1,0,1,1,0,1,0,0,0,0,1,1,1,1,1,1,1,1,1,1,1,0,1,1,1,1,1,0,1,1,0,1,1,0,1,1,0,1,0,0,0,0,1,1,1,1,1,1,1,0,1,1,1,1,0,0,0,0,0,0,0
joplin,paragon,a,1,0,0,1,1,1,1,0,1,0,0,1,1,1,1,1,1,1,0,1,1,1,1,1,0,1,1,1,1,0,1,0,1,0,0,1,1,1,1,0,1,0,0,1,1,1,1,1,1,1,1,1,0,1,1,0,1,0,1,0,1,0,1,0
joplin,peacherine,a,1,0,1,0,1,0,1,0,1,1,0,1,0,1,1,1,1,0,1,0,1,0,1,0,1,1,0,1,0,1,1,1,1,0,1,0,1,0,1,0,1,1,0,1,0,1,1,1,1,0,1,0,0,0,1,0,1,0,1,1,1,1,1,1
joplin,pineapple,a,1,1,0,1,1,1,1,1,1,1,1,1,0,1,1,0,1,1,0,1,1,1,1,1,1,0,1,1,1,1,1,0,1,1,0,1,1,0,1,1,0,1,1,1,1,1,1,1,1,1,0,1,1,0,1,1,0,0,1,1,1,1,1,1
joplin,ragtimedance,a,1,1,1,0,0,1,1,1,1,0,1,1,0,1,1,1,1,1,1,1,0,1,1,1,0,1,1,1,1,1,0,1,1,1,1,0,0,1,1,1,1,0,1,1,0,1,1,1,1,1,1,1,0,1,1,1,0,1,1,1,1,1,1,1
joplin,reflection,a,0,1,1,1,1,1,0,1,1,1,1,1,0,1,1,1,0,1,1,1,1,1,1,1,1,0,0,0,1,1,1,1,0,1,1,1,1,1,0,1,1,1,1,1,0,1,1,1,0,1,1,1,1,1,0,1,1,0,1,1,0,1,0,0
joplin,roseleaf,a,1,1,1,1,1,1,1,1,1,1,1,1,0,1,1,0,1,1,1,1,1,1,1,1,1,1,1,1,0,1,1,0,1,1,0,1,0,1,1,0,1,1,0,1,0,1,1,0,1,1,1,1,1,1,0,1,0,0,0,0,0,0,1,0
joplin,newrag,a,1,0,0,1,1,1,1,1,0,1,1,0,1,1,0,0,1,0,0,1,1,1,1,1,1,0,1,1,1,1,1,1,1,0,0,1,1,1,1,1,0,1,1,0,1,1,0,0,1,1,1,1,0,1,1,0,1,0,1,0,1,0,1,0
joplin,searchlight,a,1,0,0,1,1,1,1,1,1,1,0,1,1,0,1,1,1,0,0,1,1,1,0,1,0,0,0,0,1,0,0,0,1,0,0,1,1,1,1,1,1,1,0,1,1,0,1,1,1,0,0,1,1,1,0,1,1,0,1,1,1,1,1,1
joplin,stoptime,a,1,1,1,1,1,1,1,1,1,1,1,1,1,0,1,0,1,0,0,0,0,0,0,0,1,1,1,0,1,0,0,0,1,1,1,1,1,1,1,1,1,1,1,1,1,0,1,0,1,0,0,0,0,0,0,0,0,0,1,0,1,0,0,0
joplin,strenuous,a,1,0,1,0,0,1,1,1,1,1,1,1,0,1,1,1,1,1,0,1,1,0,1,0,1,0,0,0,0,0,0,0,1,0,1,0,0,1,1,1,1,1,1,1,0,0,1,0,1,1,0,1,1,0,1,0,1,0,0,0,0,0,0,0
joplin,sugarcane,a,0,1,1,1,1,1,1,1,1,1,1,1,1,1,1,1,0,1,1,1,1,1,1,1,1,1,1,1,1,1,1,1,1,0,1,1,1,0,1,0,1,0,1,1,1,0,1,0,0,1,1,1,0,1,1,1,0,1,1,1,1,0,0,1
joplin,sycamore,a,1,1,1,1,0,1,1,1,1,1,1,1,0,0,0,0,1,1,1,1,0,1,1,1,1,1,1,1,0,0,1,0,1,0,0,1,1,1,1,1,1,0,0,1,1,1,1,1,1,1,1,1,1,1,1,0,1,1,1,1,1,1,1,0
joplin,wallstreet,a,1,1,1,1,0,1,1,1,1,0,1,1,1,1,1,1,1,1,1,1,0,1,1,1,1,0,1,1,1,1,1,1,1,1,1,1,0,1,1,0,1,1,1,1,0,1,1,0,1,1,1,1,0,1,1,1,1,1,1,1,1,1,1,1
joplin,weepingwillow,a,1,0,0,0,1,0,0,0,1,1,1,1,0,1,0,1,1,1,0,1,0,1,0,1,1,1,1,1,0,1,1,1,1,0,0,0,1,0,0,0,1,1,1,1,0,1,1,1,1,1,1,1,0,1,1,1,1,0,0,0,0,0,1,1
lamb,americanbeauty,a,1,1,1,1,0,1,0,1,0,1,0,1,1,1,0,1,0,1,1,1,1,1,1,1,1,1,1,1,0,1,1,0,1,0,0,0,0,1,1,1,1,1,0,1,0,1,1,0,1,1,1,1,1,1,0,0,1,1,0,1,0,0,0,1
lamb,bohemia,a,0,0,1,1,1,0,1,1,1,0,1,1,1,1,0,1,1,1,1,1,0,1,1,1,1,1,1,1,0,1,1,1,1,0,1,1,1,0,1,1,1,0,1,1,1,1,0,1,1,1,1,1,0,1,1,1,1,1,1,1,0,1,1,1
lamb,champagne,a,1,0,1,1,1,0,1,1,1,1,1,1,0,1,1,1,1,0,1,0,1,0,1,0,1,1,1,1,0,1,1,1,1,0,1,1,0,1,1,0,1,0,1,1,0,1,1,0,1,0,1,1,0,0,1,0,1,0,1,1,0,0,0,0
lamb,cleopatra,a,1,0,1,0,1,0,1,0,1,1,0,1,0,0,1,0,1,0,1,0,1,0,1,0,1,1,0,1,0,0,1,0,1,0,0,0,0,1,1,1,1,1,1,1,1,1,1,1,1,1,0,1,0,1,1,1,1,1,1,1,0,0,1,0
lamb,contentment,a,0,1,1,1,1,1,1,1,1,1,1,1,0,0,1,0,0,1,1,1,1,1,1,1,1,1,1,1,0,0,1,0,0,1,1,1,1,1,0,1,1,0,1,1,0,1,0,1,0,1,1,1,1,1,0,1,1,0,1,0,1,0,1,0
lamb,topliner,a,1,1,1,1,0,1,1,1,1,1,0,1,0,1,1,1,1,1,1,1,1,1,1,1,1,1,0,1,0,0,1,0,1,0,1,1,1,1,1,1,1,1,0,1,1,1,1,0,1,1,1,1,1,1,0,1,1,0,1,1,1,1,1,0
lamb,sensation,a,0,1,1,1,1,1,0,1,1,1,1,1,0,1,1,0,0,1,1,1,1,1,0,1,1,1,1,1,0,1,1,0,1,1,1,1,0,1,1,1,1,1,1,1,0,1,1,0,0,1,0,1,0,1,0,1,0,1,0,1,0,1,0,1
lamb,reindeer,a,1,1,1,1,1,1,1,1,1,1,1,1,0,1,1,1,1,0,1,1,0,1,1,1,1,1,1,1,0,1,1,1,1,1,1,1,1,1,1,1,1,1,1,1,0,1,1,1,1,1,1,1,0,1,1,0,1,0,0,0,0,0,0,1
lamb,patricia,a,0,1,1,1,1,1,1,1,1,1,0,1,0,0,0,0,0,1,1,1,1,1,1,1,1,1,0,1,0,0,0,0,0,1,1,1,1,1,1,1,1,1,1,1,0,1,0,1,1,1,1,1,0,1,0,1,1,1,1,1,0,1,0,1
lamb,nightingale,a,1,1,0,0,0,0,0,0,1,1,1,1,0,1,1,1,1,1,0,0,0,0,0,0,1,1,1,1,0,0,1,1,1,1,1,1,1,1,1,1,1,1,1,1,0,1,1,1,1,1,1,1,1,1,1,1,1,1,1,1,0,1,1,1
lamb,excelsior,a,0,0,1,0,0,0,1,1,1,1,1,1,0,0,0,0,0,0,1,0,0,0,1,1,1,1,1,1,0,0,1,0,1,1,1,1,0,1,0,1,1,0,1,1,1,1,0,1,0,0,1,1,1,1,0,1,0,1,1,1,0,0,0,0
lamb,ethiopia,a,0,0,1,1,1,1,0,1,1,0,1,1,0,1,1,0,0,0,1,1,0,1,1,0,0,0,1,1,0,1,1,0,0,1,0,1,1,1,1,1,1,0,1,1,0,1,1,1,1,0,1,1,0,1,1,0,1,0,1,1,1,1,1,1
scott,quality,a,1,1,0,1,1,1,1,1,1,1,0,1,1,1,1,1,1,0,1,0,1,0,1,0,1,0,1,1,0,1,1,1,1,0,1,0,1,0,1,0,1,0,1,1,0,1,1,1,1,0,1,0,1,0,1,0,1,0,1,1,0,0,1,0
scott,greatscott,a,1,1,1,1,0,1,1,1,1,1,1,1,0,1,1,1,1,1,1,1,1,1,1,1,1,0,1,1,0,1,0,1,1,0,1,1,0,1,0,1,1,0,1,1,0,1,0,1,1,1,1,1,1,1,1,1,1,1,1,1,0,1,1,1
scott,graceandbeauty,a,1,1,1,1,1,1,1,1,1,0,1,1,0,1,1,1,1,0,1,1,0,1,1,0,1,0,1,1,0,1,1,0,1,1,1,1,1,1,1,1,1,0,1,1,0,1,1,0,1,0,1,1,0,1,1,0,1,0,1,1,0,1,1,0
scott,froglegs,a,0,0,1,1,0,1,1,1,1,1,1,1,0,1,1,0,0,0,1,1,0,1,1,1,1,1,1,1,0,1,1,0,0,0,1,1,0,1,1,1,1,1,1,1,1,1,1,1,1,1,1,1,1,1,1,1,1,1,1,1,0,1,1,0
scott,fascinator,a,1,1,1,1,0,1,1,1,1,0,1,0,0,0,1,0,1,1,1,1,0,1,1,1,1,0,1,0,0,0,1,0,1,1,1,1,0,0,1,0,1,1,1,1,0,0,1,0,1,0,1,0,0,0,1,0,0,0,1,0,0,0,1,0
scott,evergreen,a,1,1,1,1,0,1,1,1,1,0,1,0,1,0,1,0,1,1,1,1,0,1,1,1,1,0,1,0,1,0,1,0,1,1,1,1,0,1,1,0,1,0,1,1,0,1,1,1,1,1,1,1,0,0,0,0,1,1,1,1,0,1,1,1
scott,efficiency,a,1,0,1,0,0,0,1,0,1,1,0,1,0,1,1,1,1,1,1,1,0,1,1,1,1,1,1,1,0,0,1,0,1,0,1,0,0,0,1,0,1,1,0,1,0,1,1,1,1,1,1,1,0,1,1,0,1,1,1,1,0,1,1,0
scott,dontjazzme,a,1,1,1,1,0,1,1,0,1,1,1,1,0,1,1,0,1,1,1,1,0,1,1,0,1,1,1,1,1,1,1,1,1,1,1,1,0,1,1,1,1,0,1,1,0,1,1,1,1,1,1,1,0,1,1,0,1,0,0,0,0,1,1,1
scott,climax,a,1,1,0,1,0,1,1,1,1,1,1,1,0,1,1,1,1,1,0,1,0,1,1,1,1,1,0,1,0,1,1,1,1,1,0,1,0,1,1,1,1,1,0,1,0,1,1,1,1,1,0,1,0,1,1,1,1,1,0,1,0,1,1,1
scott,broadway,a,1,1,1,1,0,1,1,0,1,1,1,1,0,1,1,0,1,0,0,0,0,0,0,0,0,0,0,0,0,0,0,0,1,1,1,1,0,1,1,0,1,1,1,1,0,1,1,0,1,0,0,0,0,0,0,0,0,0,0,0,0,0,0,0
scott,hilarity,a,1,1,0,1,1,0,1,1,0,1,1,0,1,0,1,0,1,1,0,1,1,0,0,0,0,0,1,0,1,0,1,0,1,1,0,1,1,0,0,0,0,0,1,0,1,0,1,0,1,1,0,1,1,0,0,0,0,0,1,0,1,0,1,0
scott,honeymoon,a,0,1,1,1,1,1,1,1,1,1,0,1,0,0,0,0,0,1,1,1,1,1,1,1,1,1,0,1,0,1,1,1,1,1,1,1,0,1,1,1,1,1,1,1,0,1,1,1,1,1,0,1,0,0,0,0,1,1,0,1,0,0,0,0
scott,kansascity,a,1,0,1,1,0,1,1,1,1,1,1,1,0,1,1,1,1,1,1,1,0,1,1,1,1,0,0,0,0,1,1,1,1,0,1,1,0,1,1,1,1,1,1,1,0,1,1,1,1,0,1,1,0,1,1,1,1,0,0,0,0,1,1,1
scott,paramount,a,1,1,1,1,1,1,1,1,1,1,0,1,0,1,1,1,1,1,1,1,1,1,1,1,1,1,0,1,0,1,1,1,1,1,1,1,1,1,1,1,1,1,1,1,0,1,1,1,1,1,1,1,1,1,1,1,1,1,1,1,0,1,1,1
scott,ophelia,a,1,0,1,1,0,1,1,1,1,1,1,1,0,1,1,1,1,0,1,1,0,1,1,1,1,1,1,1,0,1,1,1,1,0,1,1,0,1,1,1,0,1,1,1,0,1,1,1,1,1,1,1,1,1,1,1,1,1,1,1,1,1,1,1
scott,newera,a,1,1,1,1,1,0,1,0,1,1,1,1,1,0,1,0,1,1,1,1,1,1,1,1,1,1,0,1,0,0,1,0,1,1,1,1,1,0,1,0,1,1,1,1,1,0,1,0,1,1,1,1,1,1,1,1,1,1,0,1,0,0,1,0
scott,modesty,a,1,0,1,1,0,1,1,0,1,0,0,1,0,1,1,1,1,0,1,1,0,1,1,0,1,0,0,0,1,0,0,0,1,1,1,1,1,1,1,1,1,1,0,1,0,0,0,0,1,1,1,1,1,1,1,1,1,1,0,1,0,0,1,1
scott,prosperity,a,1,1,1,1,0,1,1,1,1,1,1,1,0,1,1,1,1,1,1,1,0,1,1,1,1,1,1,1,0,1,1,1,1,1,1,1,0,1,1,1,1,1,1,1,1,1,1,1,1,1,1,1,1,1,1,1,1,1,1,1,0,1,1,0
scott,peaceandplenty,a,1,0,1,1,0,0,1,0,1,0,1,1,0,0,1,0,1,0,1,0,1,0,1,0,1,0,1,0,1,0,1,0,1,0,1,1,0,1,1,1,1,0,1,0,1,0,1,0,1,0,1,1,0,1,1,1,1,0,1,0,1,0,1,0
scott,victory,a,1,1,0,1,0,1,1,1,1,1,1,1,0,1,1,0,1,1,1,1,0,1,1,1,1,1,1,1,0,1,1,1,1,1,0,1,0,1,1,1,1,1,1,1,0,1,1,0,1,1,1,1,0,1,1,1,1,1,1,1,0,1,1,1
scott,sunburst,a,1,1,1,1,0,1,1,0,1,1,1,1,0,1,1,0,1,0,1,0,1,0,1,0,1,0,1,0,1,1,1,1,1,1,1,1,0,1,1,0,1,1,1,1,0,1,1,1,1,0,0,0,0,0,0,0,0,0,0,0,0,0,1,0
scott,summerbreeze,a,0,1,1,1,0,1,1,1,0,1,1,1,1,1,1,1,1,1,1,1,0,1,1,1,1,1,1,1,0,1,1,1,0,1,1,1,0,1,1,1,0,1,1,1,1,1,1,1,1,1,1,1,0,1,1,1,1,1,0,1,1,1,1,1
scott,oriole,a,1,1,1,1,0,1,1,1,1,1,1,1,0,1,1,1,1,1,1,1,0,1,1,1,1,0,1,1,0,1,1,1,1,1,1,1,0,1,1,1,1,1,1,1,0,1,1,1,1,0,1,1,0,1,1,0,1,1,0,1,0,1,1,1
scott,betty,a,1,1,1,1,0,1,1,1,1,1,1,1,0,0,0,0,1,1,1,1,0,1,1,1,1,1,1,1,0,1,1,1,1,1,1,1,1,1,1,1,1,1,1,1,1,1,1,1,1,1,1,1,0,1,1,1,1,1,1,1,1,1,1,1
scott,sentimental,a,1,0,1,1,0,1,1,1,1,0,1,1,0,1,1,1,1,0,1,1,0,1,1,1,1,0,1,1,0,0,0,0,0,1,1,1,1,1,1,1,1,1,0,1,0,0,0,0,0,1,1,1,1,1,1,1,1,1,0,1,0,1,1,1
scott,princess,a,1,0,1,0,1,0,1,0,0,1,0,1,1,0,1,0,1,0,0,0,0,0,0,0,0,0,1,0,1,0,1,0,0,1,0,1,1,1,1,0,1,1,0,1,1,0,0,0,0,1,0,1,1,1,1,0,1,1,0,1,1,1,1,1
scott,onthepike,a,1,1,1,1,1,1,0,1,1,1,1,1,1,0,1,1,1,1,0,1,1,0,1,1,0,0,0,0,0,0,0,0,1,1,1,1,1,1,0,1,1,1,1,1,1,0,1,1,1,1,0,1,1,0,1,1,0,0,1,1,1,1,1,1
scott,pegasus,a,1,1,1,1,0,1,1,1,1,1,1,1,0,0,1,0,1,1,1,1,0,1,1,1,1,1,1,1,0,0,1,0,1,1,1,1,0,1,1,1,1,1,1,1,0,1,1,1,1,1,1,1,0,1,1,1,1,1,1,1,0,1,1,1
joplin,breeze,b,1,0,1,0,0,0,1,0,1,0,1,0,0,0,0,0,1,1,1,1,1,1,0,1,1,1,1,1,1,1,0,1,1,0,1,0,0,0,1,0,1,0,1,0,0,0,0,0,1,1,1,1,1,1,1,1,1,0,0,0,1,0,0,0
joplin,cascades,b,1,1,1,1,1,1,1,1,1,0,1,1,0,1,1,0,1,0,1,1,0,1,1,0,1,0,1,1,0,1,1,1,1,1,1,1,1,1,1,1,1,0,1,1,0,1,1,0,1,0,1,1,0,1,1,0,1,1,1,1,1,1,1,1
joplin,countryclub,b,1,0,0,1,1,1,0,1,1,0,1,1,0,1,1,0,1,1,0,1,1,1,1,0,1,0,0,0,1,0,0,0,1,1,0,1,1,1,1,0,1,0,0,0,1,0,1,0,1,1,0,1,1,0,1,0,1,0,1,0,1,0,1,0
joplin,winners,b,1,1,1,1,0,1,1,1,1,1,1,1,0,1,1,1,1,1,1,1,1,1,1,1,1,1,1,1,0,1,1,1,1,1,0,1,1,1,0,1,1,1,0,1,1,1,1,1,1,1,0,1,1,1,0,1,1,1,0,1,1,1,1,1
joplin,elite,b,1,1,1,1,1,1,0,1,1,1,1,1,0,1,1,1,1,1,1,1,0,1,1,1,1,1,1,1,0,0,1,0,1,1,1,1,1,1,0,1,1,1,1,1,0,1,1,1,1,1,1,1,1,1,0,1,1,0,0,0,1,0,0,0
joplin,entertainer,b,1,0,1,1,0,1,1,1,1,0,1,1,0,1,1,1,1,1,1,1,1,1,1,1,1,1,1,1,1,1,1,1,1,0,1,1,0,1,1,1,1,0,1,1,0,1,1,1,1,1,0,1,0,1,1,1,1,0,0,0,0,1,1,1
joplin,eugenia,b,1,0,1,1,0,1,1,1,1,0,1,1,0,1,1,1,1,0,1,1,0,1,1,1,1,0,1,1,0,1,1,1,0,1,1,1,1,1,0,1,1,1,1,1,0,1,1,0,0,1,1,1,1,1,0,1,1,1,1,1,0,1,1,1
joplin,euphonic,b,1,1,1,0,1,0,1,0,1,1,1,1,1,0,1,0,1,0,1,1,1,1,1,1,1,0,1,1,1,1,1,1,1,0,1,0,1,0,1,0,1,1,1,1,0,0,1,0,1,0,1,0,1,0,1,0,1,1,1,1,0,0,1,0
joplin,favorite,b,1,0,1,1,0,1,1,0,1,0,1,1,0,1,1,1,1,0,1,1,0,1,1,0,1,0,1,1,0,0,1,0,1,1,1,1,1,0,1,0,1,1,1,1,1,0,1,0,1,0,0,0,1,0,0,0,1,0,0,0,1,0,0,0
joplin,figleaf,b,1,1,1,1,1,1,0,1,0,1,1,1,0,0,1,0,1,1,1,1,1,1,0,1,0,0,0,0,1,0,1,0,1,1,1,1,1,1,0,1,0,1,1,1,0,1,1,1,1,1,1,1,1,1,1,1,1,0,1,1,1,0,1,0
joplin,gladiolus,b,0,1,1,1,1,1,0,1,1,1,1,1,0,1,1,1,1,1,0,1,1,0,1,1,0,0,0,0,0,0,1,0,1,1,0,1,0,0,0,0,1,1,0,1,0,0,0,0,1,1,0,1,1,1,1,1,1,0,0,0,0,0,0,0
joplin,leola,b,0,1,1,1,1,1,0,1,1,1,1,1,0,1,1,0,0,1,1,1,1,1,0,1,1,1,1,1,0,1,1,0,0,1,1,1,1,1,0,1,1,1,1,1,0,1,1,0,0,1,1,1,1,1,0,1,1,1,1,1,0,1,1,1
joplin,magnetic,b,1,1,1,1,0,1,1,0,1,0,1,1,0,1,1,0,1,1,1,1,0,1,1,0,1,0,1,1,0,1,1,0,1,1,1,1,1,1,0,1,1,0,1,1,0,1,1,0,1,1,1,1,1,1,0,1,1,0,1,1,0,0,0,0
joplin,mapleleaf,b,0,1,1,1,1,1,0,1,1,1,1,1,0,1,1,1,0,1,1,1,1,1,0,1,1,1,1,1,0,1,1,0,0,1,1,1,1,1,0,1,1,1,1,1,0,1,1,0,0,1,1,1,1,1,0,1,1,1,1,1,0,1,1,0
joplin,nonpareil,b,1,0,0,0,1,0,0,0,1,0,0,0,0,0,1,0,1,0,1,1,0,1,1,0,1,0,1,1,0,1,1,0,1,0,0,0,1,0,0,0,1,0,0,0,1,0,0,0,1,1,1,1,0,1,1,0,1,0,0,0,1,1,1,1
joplin,original,b,1,1,0,1,1,0,1,1,1,1,0,1,0,0,0,0,1,1,0,1,1,0,1,1,1,1,0,1,0,0,0,0,1,1,0,1,1,0,1,1,1,0,1,1,1,1,1,0,1,1,0,1,1,0,1,1,1,0,1,1,0,1,1,0
joplin,palmleaf,b,1,1,0,1,0,1,1,0,1,0,0,0,0,0,1,0,1,1,0,1,0,1,1,0,1,0,0,0,0,0,1,0,1,1,1,1,1,1,0,1,1,0,1,1,0,1,1,1,1,1,1,1,1,1,0,1,1,0,1,1,0,1,1,0
joplin,paragon,b,1,1,1,1,0,0,0,0,0,0,1,0,1,0,1,0,1,0,1,1,0,1,1,0,1,1,0,1,1,0,1,0,1,1,1,1,0,0,0,0,0,1,1,1,1,0,1,0,1,0,1,1,0,1,1,0,1,1,0,1,1,0,1,0
joplin,peacherine,b,0,0,1,0,1,0,1,0,0,0,1,0,1,0,1,0,0,0,1,0,1,0,1,0,1,1,1,1,0,1,1,0,0,0,1,0,1,0,1,0,1,1,1,1,0,1,1,0,0,0,1,0,1,0,1,0,1,1,1,1,0,1,1,0
joplin,pineapple,b,1,1,0,1,1,0,1,1,0,1,1,0,1,0,1,0,1,1,0,1,1,0,1,1,1,1,1,0,1,0,1,0,1,1,0,1,1,0,1,1,0,1,1,0,1,0,1,0,1,1,0,1,1,0,1,0,1,0,1,1,1,1,1,1
joplin,ragtimedance,b,1,0,1,0,0,1,1,1,1,1,1,1,0,1,1,1,1,0,1,0,0,1,1,1,1,1,1,1,0,1,1,1,1,1,0,1,0,1,1,1,1,1,0,1,0,1,1,1,1,1,0,1,1,0,1,0,1,0,0,0,0,0,0,0
joplin,reflection,b,1,0,0,0,0,1,1,1,1,0,1,0,1,1,1,0,1,0,0,0,0,1,1,1,1,0,1,0,1,1,1,0,1,0,0,0,0,1,1,1,1,1,1,0,0,0,1,0,1,0,1,0,0,0,1,0,1,0,0,0,1,0,0,0
joplin,roseleaf,b,1,1,1,1,1,1,0,1,1,0,1,1,0,1,1,1,1,1,1,1,1,1,0,1,1,0,1,1,0,1,1,0,0,1,1,1,1,1,1,0,1,0,1,1,0,1,1,0,0,1,1,1,1,1,1,0,1,0,1,1,0,1,1,1
joplin,newrag,b,1,1,1,1,1,1,1,1,1,1,1,1,0,1,1,0,1,1,1,1,0,1,1,0,1,1,1,1,0,1,1,0,1,1,1,1,1,1,1,1,1,1,1,1,0,1,1,0,1,1,1,1,0,1,1,0,1,0,1,1,0,1,1,0
joplin,searchlight,b,1,1,1,1,0,1,1,0,1,1,1,1,0,1,1,0,1,1,1,1,1,0,0,0,0,0,1,1,1,1,1,1,1,1,1,1,0,0,0,0,0,0,1,1,1,1,1,1,1,1,1,1,0,0,0,0,1,0,1,1,1,0,1,0
joplin,stoptime,b,1,0,1,0,0,0,1,0,1,1,1,1,1,0,1,0,1,0,0,0,0,0,0,0,0,0,0,0,0,0,0,0,0,0,1,0,0,0,1,0,1,1,1,1,1,0,1,0,1,0,0,0,0,0,0,0,0,0,1,0,1,0,1,0
joplin,strenuous,b,1,1,0,1,1,1,1,1,1,1,1,1,0,1,0,1,1,1,0,1,1,1,1,1,1,0,1,0,0,1,0,1,1,1,0,1,1,1,1,1,1,1,1,1,0,1,0,1,1,1,1,1,0,1,1,1,1,0,1,0,1,0,1,1
joplin,sugarcane,b,1,1,1,1,0,1,1,1,1,1,1,1,0,1,1,1,1,0,1,0,1,0,1,1,0,1,1,1,0,1,1,0,1,0,1,0,1,0,1,1,0,1,1,1,0,1,1,0,1,0,1,0,1,0,1,1,0,1,1,1,0,1,1,0
joplin,sycamore,b,1,0,0,1,1,1,1,0,1,0,0,1,1,1,1,0,1,0,1,1,0,1,1,1,1,0,0,0,0,1,0,1,1,0,1,1,0,1,1,1,1,0,0,0,0,1,0,1,1,0,1,1,0,1,1,1,1,0,0,0,0,1,1,1
joplin,wallstreet,b,1,0,1,0,1,0,1,0,1,0,0,0,1,0,1,0,1,0,0,1,1,1,1,1,1,0,0,1,1,1,1,1,1,0,1,0,1,0,1,0,1,0,0,0,1,0,1,0,1,0,1,0,1,0,0,1,1,0,0,0,1,1,1,1
joplin,weepingwillow,b,1,0,0,0,0,1,1,0,1,1,0,1,1,0,1,0,1,1,0,1,0,1,1,1,0,1,1,0,1,1,0,1,0,1,1,1,1,0,1,1,0,1,1,1,1,1,1,1,1,1,1,1,1,0,1,1,0,1,1,0,1,0,1,0
lamb,americanbeauty,b,1,1,1,1,1,1,1,1,1,1,1,1,0,1,1,1,1,1,1,1,1,1,1,1,1,1,1,1,0,1,1,0,1,1,1,1,1,1,1,1,1,1,1,1,1,1,1,1,1,1,1,1,1,1,1,1,1,1,0,1,0,1,1,0
lamb,bohemia,b,1,1,1,1,1,1,1,1,1,1,1,1,1,1,1,1,1,1,1,1,0,1,1,0,0,0,1,1,0,1,1,1,1,1,1,1,0,1,1,0,0,0,1,1,0,1,1,1,1,1,1,1,0,1,1,0,0,0,1,1,0,1,1,1
lamb,champagne,b,1,0,1,0,1,0,1,0,1,1,1,1,0,1,1,1,1,0,1,0,1,0,1,0,1,1,1,1,0,1,1,1,1,0,1,1,0,0,1,0,1,0,1,1,0,0,1,0,1,0,1,1,0,0,1,0,1,0,1,1,0,0,1,0
lamb,cleopatra,b,1,0,1,1,1,0,1,1,1,1,1,1,0,1,1,0,0,0,1,0,1,0,0,0,1,0,1,0,1,0,1,0,1,0,1,0,1,0,1,0,1,1,0,1,0,0,1,0,1,0,1,0,1,0,1,0,1,1,0,1,0,1,1,1
lamb,contentment,b,1,0,1,0,0,0,0,0,0,0,1,1,1,1,1,1,0,0,1,0,0,0,0,0,0,0,1,1,1,1,0,1,1,0,1,1,1,1,0,1,1,1,1,1,0,1,1,1,0,1,1,1,1,1,0,1,1,1,1,1,0,0,1,0
lamb,topliner,b,1,1,1,1,0,1,1,1,1,1,1,1,0,1,1,1,1,1,1,1,0,1,1,0,1,1,1,1,0,1,1,1,1,1,1,1,0,1,1,1,1,1,1,1,0,1,1,1,1,1,1,1,1,1,1,1,1,1,1,1,1,1,1,1
lamb,sensation,b,1,1,0,1,1,0,1,1,0,1,0,1,0,1,1,1,1,0,1,1,0,1,1,0,0,1,0,1,1,0,1,0,1,1,0,1,1,0,1,1,0,1,0,1,0,1,1,1,1,1,1,1,1,1,0,1,1,1,1,1,0,1,1,0
lamb,reindeer,b,1,0,1,1,0,0,1,0,1,1,0,1,0,0,1,0,1,0,1,1,0,0,1,0,1,1,0,1,0,0,1,0,1,0,1,1,0,1,1,1,1,0,1,0,1,0,1,0,1,0,1,1,0,0,1,0,1,0,1,1,0,0,1,0
lamb,patricia,b,1,1,0,1,0,1,1,1,1,1,0,1,1,1,1,0,1,1,0,1,0,0,0,0,0,1,1,1,0,1,1,0,1,1,0,1,0,0,1,0,1,1,0,1,0,0,1,0,0,0,1,1,1,1,1,1,1,1,1,1,1,1,1,1
lamb,nightingale,b,1,1,0,0,1,1,0,0,1,1,0,1,0,1,1,1,1,1,0,1,0,1,1,1,1,1,0,1,0,1,1,1,1,1,0,0,1,1,0,0,1,1,0,1,0,1,1,1,1,1,1,1,0,0,1,0,1,0,1,1,1,1,1,1
lamb,excelsior,b,1,0,1,1,0,1,1,1,0,1,1,1,1,1,0,1,0,1,1,1,0,1,1,1,1,1,1,1,0,1,0,1,1,1,1,1,0,0,0,0,0,0,1,1,1,1,0,1,0,0,1,1,1,1,0,1,1,1,1,1,0,0,1,0
lamb,ethiopia,b,1,0,1,1,1,1,0,1,1,1,1,1,0,1,1,1,1,1,0,1,0,1,0,1,1,1,1,1,0,0,1,0,1,0,1,1,1,1,0,1,1,1,1,1,0,1,1,1,1,1,1,1,1,1,1,1,0,1,1,1,0,1,1,0
scott,quality,b,1,0,1,1,0,1,1,0,1,0,1,0,1,0,1,0,1,0,1,1,0,1,1,0,1,0,1,0,1,0,1,0,1,0,1,1,0,1,1,0,1,0,1,0,1,0,1,0,1,0,1,1,0,1,1,0,1,0,1,0,1,0,1,0
scott,greatscott,b,1,1,1,1,0,1,1,1,1,1,1,1,0,1,1,1,1,1,0,1,1,0,0,0,1,1,0,1,1,0,0,0,1,1,0,1,1,0,0,0,1,1,0,1,1,0,0,0,1,1,0,1,1,0,0,0,1,1,0,1,1,1,0,1
scott,graceandbeauty,b,1,1,0,1,0,0,0,0,1,1,0,1,0,0,0,0,1,1,0,1,0,0,0,0,1,1,0,1,0,0,1,0,1,1,0,1,0,0,1,0,1,1,0,1,0,0,1,0,1,1,0,1,0,0,1,0,1,0,0,0,1,0,1,0
scott,froglegs,b,1,1,1,1,0,1,1,0,1,1,1,1,0,1,1,1,1,1,1,1,0,1,1,0,1,0,0,0,0,1,0,1,1,1,1,1,0,1,1,0,1,0,0,0,0,1,0,1,1,1,1,1,0,1,1,0,1,0,1,0,1,0,1,0
scott,fascinator,b,1,1,0,1,1,0,0,0,0,1,1,1,1,0,1,0,1,1,0,1,1,0,0,0,0,1,1,1,1,0,1,0,1,1,0,1,1,0,0,0,0,1,1,1,1,0,1,0,1,1,1,0,0,1,1,1,1,0,1,1,1,1,1,1
scott,evergreen,b,0,1,1,1,1,1,1,1,1,1,1,1,0,1,1,0,1,0,0,0,1,0,0,0,1,1,1,1,0,1,1,0,1,0,0,0,1,0,0,0,0,1,1,1,0,1,1,0,1,0,0,0,1,0,0,0,0,0,1,0,1,0,1,0
scott,efficiency,b,1,1,1,1,0,1,1,1,1,1,1,1,0,1,1,1,1,1,1,1,0,1,1,1,1,1,1,1,0,1,1,1,1,1,1,1,0,1,1,1,1,1,1,1,0,1,1,0,1,1,1,1,0,0,0,0,1,1,1,1,1,0,0,0
scott,dontjazzme,b,1,1,1,1,1,1,0,1,1,0,1,1,0,1,1,1,1,1,0,1,0,1,1,1,1,1,1,1,0,1,1,1,1,1,0,1,0,1,1,1,1,1,1,1,0,1,1,1,1,1,0,1,0,1,1,1,1,1,1,1,0,1,1,1
scott,climax,b,1,0,1,1,0,1,1,0,1,0,1,1,1,1,1,1,1,0,1,1,0,1,1,0,1,0,1,1,1,1,1,1,1,1,1,1,1,1,1,1,1,0,1,0,1,1,0,1,0,0,0,0,0,0,0,0,0,0,1,1,1,1,1,1
scott,broadway,b,1,0,1,1,0,1,0,1,1,0,1,1,0,1,0,1,1,0,1,1,0,1,1,0,1,0,0,0,0,1,0,1,0,1,1,1,1,1,0,1,1,0,1,1,0,1,1,1,0,1,1,1,1,1,0,1,1,0,1,1,0,1,0,1
scott,hilarity,b,1,0,1,1,0,1,0,1,1,0,1,1,0,1,0,1,1,0,1,1,0,1,0,1,1,0,1,1,0,1,0,1,1,1,1,1,1,1,1,1,1,1,0,1,0,0,0,1,0,1,1,1,1,1,0,1,0,0,1,0,1,0,1,0
scott,honeymoon,b,1,1,0,1,0,1,1,1,1,1,0,1,0,1,1,1,1,1,0,1,0,1,1,1,1,1,0,1,0,1,1,1,1,1,0,1,0,1,1,1,1,1,0,1,0,1,1,1,1,1,0,1,0,1,1,1,1,1,0,1,0,1,1,1
scott,kansascity,b,1,1,1,1,0,1,1,1,1,0,1,1,0,1,1,0,1,0,1,1,0,1,1,0,1,0,1,1,0,0,1,1,1,1,1,1,0,1,1,1,1,0,1,1,0,0,1,1,1,1,1,1,0,1,1,1,1,0,1,1,1,0,1,1
scott,paramount,b,1,0,0,0,0,1,1,1,1,1,1,1,1,1,1,1,1,0,0,0,0,1,1,1,1,1,1,1,1,1,1,1,1,1,1,1,1,1,1,1,1,0,0,1,0,0,0,0,1,1,1,1,1,1,1,1,1,0,0,1,0,1,1,1
scott,ophelia,b,1,0,0,0,0,0,1,0,1,1,0,1,0,0,1,0,0,1,1,1,1,1,0,1,1,1,1,1,0,1,1,0,0,1,1,1,1,1,0,1,1,1,1,1,0,1,1,0,0,1,1,1,1,1,0,1,1,1,1,1,0,0,1,0
scott,newera,b,1,1,1,1,1,1,1,1,1,1,0,1,0,1,1,0,1,1,0,1,0,1,1,0,1,1,0,1,0,1,1,1,1,1,1,1,1,1,1,1,1,1,0,1,0,0,1,0,1,1,0,0,1,1,0,0,1,1,1,0,1,0,1,0
scott,modesty,b,1,1,1,1,0,1,0,1,1,1,1,1,0,1,0,1,1,1,1,1,0,1,0,1,1,1,1,1,1,1,1,1,1,1,1,0,1,1,1,0,1,1,1,1,0,1,1,0,1,1,1,0,1,1,1,0,1,1,1,1,0,1,1,1
scott,prosperity,b,1,1,0,1,0,0,0,0,1,0,1,1,0,0,0,0,1,1,0,1,0,0,0,0,1,0,1,1,0,0,0,0,1,1,0,1,0,0,0,0,1,1,0,1,0,0,1,0,1,1,0,1,0,1,1,1,1,1,0,1,0,1,1,1
scott,peaceandplenty,b,1,1,1,1,0,0,0,0,1,1,1,1,0,0,0,0,1,1,1,1,0,0,0,0,1,1,1,1,0,0,0,0,1,0,1,0,0,0,1,0,1,0,0,0,1,0,0,0,1,0,1,1,1,1,1,1,1,0,1,0,1,0,1,0
scott,victory,b,1,1,1,1,0,0,0,0,0,1,0,1,0,0,1,0,1,1,1,1,0,0,0,0,0,1,0,1,0,0,1,0,1,1,1,1,0,1,1,0,1,0,0,0,0,0,0,0,1,1,1,1,0,1,1,0,1,0,0,0,0,0,0,0
scott,sunburst,b,1,1,1,1,0,1,1,0,1,1,0,1,1,0,0,0,1,1,1,1,0,1,1,0,1,1,0,1,1,0,0,0,1,0,1,1,0,0,1,0,1,0,1,1,0,0,1,0,1,0,0,0,0,0,0,0,1,1,1,1,1,1,1,1
scott,summerbreeze,b,1,0,1,1,0,1,1,1,1,0,1,1,0,1,1,1,1,0,1,1,0,1,1,1,1,0,0,0,0,1,1,1,1,1,1,1,0,1,1,1,1,0,1,0,0,1,1,1,1,1,1,1,0,1,1,1,1,0,1,0,1,1,1,1
scott,oriole,b,1,1,1,1,1,1,1,1,1,1,1,1,1,1,1,1,1,0,1,1,0,1,1,0,1,0,1,1,0,0,1,0,1,0,1,1,0,1,1,0,1,0,1,1,0,0,1,0,1,0,1,1,0,1,1,0,1,0,1,1,0,0,1,0
scott,betty,b,1,0,1,1,0,0,1,0,1,0,1,0,1,0,1,0,1,0,1,1,0,1,1,1,1,0,0,0,0,0,0,0,1,0,1,1,0,1,1,1,1,0,0,0,0,0,0,0,1,0,1,1,0,1,1,1,1,0,0,0,0,0,0,0
scott,sentimental,b,1,1,1,1,1,1,1,1,1,1,0,1,0,0,1,0,1,1,0,1,0,0,0,0,0,0,0,0,0,0,0,0,0,1,1,1,1,1,1,1,1,1,1,1,0,0,0,0,0,1,1,1,1,1,1,1,1,1,1,1,0,1,1,1
scott,princess,b,1,0,1,1,0,1,1,0,1,0,1,0,1,0,1,0,1,0,1,0,0,0,1,0,0,1,1,1,1,1,1,1,1,0,0,0,1,0,0,0,0,1,1,1,1,1,1,1,1,0,0,0,1,0,0,0,0,1,1,1,1,1,1,1
scott,onthepike,b,1,0,0,0,0,0,0,0,1,0,0,0,0,0,0,0,1,0,0,0,0,0,0,0,1,0,0,0,0,0,0,0,1,1,1,1,0,1,1,1,1,1,1,1,0,1,1,1,1,1,1,1,0,1,1,1,1,1,1,1,0,1,1,1
scott,pegasus,b,1,1,0,0,1,1,0,0,1,0,0,0,0,0,0,0,1,1,0,0,1,1,0,0,1,0,0,0,0,0,0,0,1,1,1,1,0,1,1,0,1,1,1,1,0,1,1,1,1,1,0,0,1,1,0,0,1,0,0,0,1,0,1,0
joplin,breeze,c,1,0,1,0,0,1,1,1,1,1,0,1,0,1,1,1,1,0,1,0,0,1,1,1,1,1,0,1,0,1,1,1,1,0,1,0,0,1,1,1,1,1,0,1,0,1,1,1,1,0,1,0,0,1,1,1,1,0,1,1,1,0,1,0
joplin,cascades,c,1,0,0,0,0,1,1,1,1,1,1,1,0,1,1,1,0,1,1,1,1,1,0,1,0,0,0,0,0,1,1,1,1,0,0,0,0,1,1,1,1,1,1,1,0,1,1,0,1,1,1,1,0,1,1,0,1,0,1,1,0,1,1,1
joplin,countryclub,c,1,1,1,1,1,1,0,1,1,1,1,0,1,0,0,0,1,0,0,1,1,1,0,1,1,1,0,1,1,0,1,0,1,1,1,1,1,1,0,1,1,1,1,0,1,0,1,1,1,1,0,0,1,1,0,0,1,0,0,0,0,0,1,1
joplin,winners,c,1,1,0,1,1,1,0,1,1,1,1,1,0,1,1,1,1,1,1,1,1,1,0,1,1,1,1,1,1,1,1,1,1,1,0,1,1,1,0,1,1,1,1,1,0,1,1,1,1,1,1,1,1,1,0,1,1,0,1,1,1,0,1,0
joplin,elite,c,1,1,1,1,1,1,1,1,1,1,1,1,0,1,0,1,1,1,1,1,1,1,1,1,0,0,0,0,0,0,1,0,1,1,1,1,1,1,1,1,1,1,1,1,0,1,1,1,1,1,1,1,1,1,0,1,1,0,0,0,1,0,0,0
joplin,entertainer,c,1,1,1,0,0,0,1,0,1,0,1,1,1,1,1,0,1,1,1,0,0,0,1,0,1,0,1,1,1,1,1,1,1,0,1,1,0,1,1,0,1,0,0,0,1,0,0,0,1,1,1,1,0,1,1,1,1,0,0,0,1,0,0,0
joplin,eugenia,c,1,0,0,1,1,1,1,0,1,0,0,1,1,1,1,0,1,0,0,1,1,1,1,0,1,0,1,1,1,1,0,1,1,1,1,1,0,1,1,0,1,1,1,1,0,1,1,0,1,1,1,1,0,1,1,0,1,0,0,0,0,1,1,1
joplin,euphonic,c,0,1,1,1,1,1,0,1,1,1,1,1,0,1,1,0,0,1,1,1,1,1,0,1,1,1,1,1,0,1,1,1,1,1,1,1,1,1,1,1,1,1,1,1,1,1,1,1,1,1,1,1,0,1,1,1,1,1,1,1,0,1,1,1
joplin,favorite,c,1,0,0,0,1,0,0,0,1,0,0,0,1,0,0,0,0,1,1,1,1,1,0,1,1,0,0,0,1,0,0,0,1,0,0,0,1,0,1,0,1,0,0,0,1,0,0,0,0,1,1,1,1,1,1,1,1,0,0,0,1,0,0,0
joplin,figleaf,c,1,1,1,1,0,1,1,1,1,1,1,1,0,1,1,1,0,1,1,1,0,1,1,1,0,1,1,0,1,0,1,0,1,1,1,1,0,1,1,1,1,1,1,1,0,0,1,0,1,1,1,1,1,1,1,1,1,1,1,1,1,0,1,0
joplin,gladiolus,c,1,1,1,1,0,1,1,1,1,1,1,1,1,1,1,1,1,1,0,1,0,1,1,0,1,1,0,1,0,1,1,0,1,1,1,1,0,1,1,0,1,1,1,1,0,0,1,0,1,1,1,0,1,0,1,0,1,0,1,1,1,1,0,1
joplin,leola,c,1,1,1,1,0,1,1,0,1,1,1,1,0,1,1,0,1,1,1,1,1,1,1,1,0,1,1,1,1,1,1,1,1,1,1,1,0,1,1,0,1,1,1,1,0,1,1,0,1,1,1,1,1,1,1,1,0,1,1,1,1,1,1,1
joplin,magnetic,c,1,0,0,0,1,1,0,1,0,0,1,1,0,1,0,0,1,0,0,0,1,1,0,1,0,0,0,0,0,0,1,0,1,1,1,0,1,1,1,0,1,1,1,0,1,1,1,0,1,1,0,1,0,0,0,0,1,1,0,1,0,1,1,0
joplin,mapleleaf,c,1,0,0,1,0,1,1,0,1,0,0,1,0,1,1,1,1,1,1,1,1,1,1,1,1,1,1,1,0,1,1,1,1,0,0,1,0,1,1,0,1,0,0,1,0,1,1,1,1,1,1,1,1,1,1,1,1,1,1,1,0,1,1,1
joplin,nonpareil,c,1,0,0,0,1,0,0,0,1,1,1,1,0,1,1,0,1,1,1,1,0,1,1,0,1,1,1,1,0,1,1,0,1,0,0,0,1,0,0,0,1,1,1,1,0,1,1,0,1,1,1,1,0,1,1,0,1,0,0,0,0,0,1,0
joplin,original,c,1,1,1,1,1,1,0,1,1,1,1,1,1,1,0,1,1,1,1,1,0,0,0,0,0,1,1,1,1,1,1,1,1,1,1,1,0,0,0,0,0,1,1,1,1,1,1,1,1,1,1,1,1,0,1,0,1,0,1,1,1,1,1,1
joplin,palmleaf,c,1,1,1,1,1,1,1,1,1,1,0,1,1,0,0,1,0,1,1,1,1,1,1,1,1,1,0,1,1,0,0,1,0,1,1,1,0,1,1,1,1,1,1,1,0,1,1,1,1,1,1,1,0,1,1,0,1,1,1,1,1,1,1,1
joplin,paragon,c,1,0,0,1,1,1,0,1,1,0,0,1,1,1,0,1,1,1,1,1,1,1,1,1,1,1,1,1,0,1,1,0,1,0,0,1,1,1,0,1,1,0,0,1,1,1,0,1,1,1,1,1,1,1,1,1,1,1,1,1,0,1,1,1
joplin,peacherine,c,1,1,1,1,1,1,0,1,1,1,1,1,0,1,0,1,1,0,1,1,0,1,1,1,1,0,1,1,0,1,1,1,1,0,0,1,1,1,0,1,1,0,0,1,1,1,0,1,1,0,1,1,0,1,0,1,1,0,1,1,0,0,0,1
joplin,pineapple,c,1,1,0,1,0,0,0,0,1,1,0,1,0,0,0,0,1,1,0,1,0,1,1,0,1,0,0,0,1,1,1,1,1,1,0,1,0,0,1,0,1,1,0,1,0,0,1,0,1,1,0,1,1,1,1,0,1,0,0,0,1,1,1,1
joplin,ragtimedance,c,1,0,1,0,1,0,0,1,1,1,1,1,1,1,0,1,1,0,1,0,1,0,0,1,1,1,1,1,1,1,1,1,1,1,1,1,1,1,1,1,0,1,1,1,0,1,1,1,1,1,1,1,1,1,1,1,0,1,1,1,0,1,1,0
joplin,reflection,c,1,0,0,0,1,0,0,0,1,0,1,0,1,0,1,0,1,1,1,1,1,1,1,1,1,0,0,0,1,1,1,1,1,0,0,0,1,0,0,0,1,0,1,0,1,0,1,0,1,1,1,1,1,1,1,1,1,1,1,1,1,1,1,1
joplin,roseleaf,c,1,1,1,1,0,1,1,1,1,1,1,1,0,1,1,1,1,1,0,1,1,1,0,1,1,1,1,1,0,0,0,0,1,1,1,1,0,1,1,1,1,1,1,1,0,1,1,0,1,1,1,1,1,1,1,0,1,1,1,1,1,1,1,0
joplin,newrag,c,1,0,0,0,0,1,1,0,1,1,0,1,0,0,1,0,1,0,0,0,0,1,1,0,1,1,0,1,0,0,1,0,1,0,0,1,1,1,0,1,1,1,1,1,0,1,1,0,1,0,0,1,1,1,0,1,1,1,1,1,0,0,1,0
joplin,searchlight,c,0,1,1,1,0,1,1,1,1,0,1,1,0,0,0,0,0,1,1,1,0,1,1,1,1,0,0,0,1,0,0,0,0,1,1,1,0,1,1,1,1,0,1,1,0,0,0,0,0,1,1,1,0,1,1,0,1,0,1,0,1,0,0,0
joplin,stoptime,c,1,1,1,1,0,1,1,1,1,1,1,1,0,1,1,1,1,0,1,1,1,1,1,1,1,1,1,1,1,1,1,1,1,1,1,1,0,1,1,1,1,1,1,1,0,1,1,1,1,0,1,1,1,1,1,1,1,1,1,1,1,1,1,1
joplin,strenuous,c,1,1,1,1,0,1,1,1,1,0,1,0,1,1,1,1,1,1,1,1,0,1,1,1,1,0,1,0,1,1,1,1,1,1,1,1,0,1,1,1,1,0,1,0,1,1,1,1,1,1,1,1,0,1,1,1,1,0,0,0,0,1,1,1
joplin,sugarcane,c,1,0,0,1,0,1,1,0,1,0,0,1,0,1,1,1,1,1,1,1,1,1,1,1,1,1,1,1,0,0,1,0,1,0,0,1,0,1,1,0,1,0,0,1,0,1,1,1,1,1,1,1,1,1,1,1,1,1,1,1,1,0,1,0
joplin,sycamore,c,1,0,0,1,1,0,0,0,1,0,0,1,1,0,0,0,1,1,1,1,0,1,1,0,1,0,0,0,1,0,0,0,1,0,0,1,1,0,0,0,1,0,0,1,1,0,0,0,1,1,1,1,0,1,1,0,1,0,0,0,1,0,1,0
joplin,wallstreet,c,1,1,1,1,0,1,1,0,1,1,1,1,0,1,0,1,1,1,1,1,1,1,1,1,0,1,1,1,0,1,1,1,1,1,1,1,0,1,1,0,1,1,1,1,0,1,0,1,0,1,1,1,1,1,0,1,1,0,1,0,1,0,1,0
joplin,weepingwillow,c,1,1,1,1,1,1,0,1,0,1,1,0,1,0,1,1,0,1,1,0,1,1,0,1,0,0,0,0,0,1,1,1,1,0,1,0,1,0,1,0,1,0,0,1,1,1,1,1,1,1,1,1,0,1,1,1,1,0,0,0,1,0,0,0
lamb,americanbeauty,c,1,0,0,1,0,1,1,0,1,1,0,1,0,0,1,0,1,0,0,1,0,1,1,0,1,1,0,1,0,0,1,0,1,0,0,1,1,1,1,0,1,0,0,1,0,1,1,0,1,0,1,0,1,0,1,0,1,1,1,1,1,1,1,1
lamb,bohemia,c,1,0,1,0,1,0,1,0,1,1,0,1,0,0,1,1,1,0,1,0,1,0,1,0,1,1,0,1,0,0,1,1,1,0,1,0,1,0,1,0,1,1,0,1,0,0,1,0,1,1,0,1,0,1,1,0,1,0,0,0,0,0,1,1
lamb,champagne,c,1,0,1,1,0,1,1,0,1,0,1,1,0,0,1,0,1,0,1,1,0,1,1,0,1,0,0,0,0,0,1,0,1,0,1,1,0,0,1,0,1,0,1,1,0,0,1,0,1,0,1,0,1,1,0,1,0,0,1,1,1,1,1,1
lamb,cleopatra,c,1,0,1,1,1,1,0,1,1,1,1,1,1,1,0,1,1,1,1,1,0,1,1,0,1,0,0,0,0,1,1,1,1,1,0,1,0,1,1,0,1,1,0,1,0,1,1,0,1,1,0,1,0,1,1,0,1,1,0,1,0,1,1,1
lamb,contentment,c,1,0,1,1,0,1,1,0,1,0,1,1,0,1,0,1,0,0,1,1,0,1,0,1,1,0,1,1,1,1,1,1,1,0,1,1,0,1,1,0,1,0,1,1,1,1,0,1,1,1,1,1,1,1,1,1,1,0,0,0,1,0,0,0
lamb,topliner,c,1,1,0,1,0,1,1,1,1,1,0,1,0,1,1,1,1,1,0,1,0,1,1,1,1,1,0,1,0,1,1,1,1,1,1,1,1,1,1,1,1,1,1,1,1,1,1,1,1,1,0,1,0,1,1,1,1,1,0,1,0,1,1,1
lamb,sensation,c,0,1,1,1,0,1,0,1,1,0,1,1,0,1,1,0,0,1,0,1,1,0,1,0,1,0,1,1,0,1,1,0,0,1,1,1,0,1,1,1,0,1,1,1,0,1,1,1,1,0,1,1,0,1,1,1,1,0,1,1,0,1,1,0
lamb,reindeer,c,1,0,1,1,0,1,1,0,1,0,0,0,0,0,1,0,1,0,1,1,0,1,1,0,1,0,0,0,0,1,1,1,1,0,1,1,0,0,1,0,1,0,1,0,1,0,1,0,1,0,1,1,0,1,1,0,1,0,1,0,1,0,1,0
lamb,patricia,c,1,1,1,1,0,1,1,1,1,1,1,1,1,1,1,1,1,1,1,1,1,1,1,1,1,1,1,1,0,1,1,0,1,1,0,1,0,1,1,0,1,1,1,1,0,1,1,0,1,1,1,1,0,1,1,0,1,1,1,1,0,1,1,1
lamb,nightingale,c,1,1,1,1,1,1,1,1,1,1,0,1,0,0,1,0,1,1,1,1,1,1,1,1,1,1,0,1,0,0,1,0,1,1,1,1,1,1,1,1,1,1,1,1,0,1,0,1,1,0,1,1,1,1,1,1,1,0,1,0,1,0,1,0
lamb,excelsior,c,0,1,0,1,1,0,1,1,0,0,1,1,1,1,0,1,1,0,1,0,1,0,1,1,0,1,1,1,1,1,0,1,1,0,1,0,1,0,1,1,0,1,1,1,1,1,0,1,1,0,1,0,1,0,1,0,1,0,1,1,1,1,0,0
lamb,ethiopia,c,1,0,0,0,1,1,1,1,1,0,0,0,0,1,1,1,1,1,1,1,0,1,1,1,1,0,0,0,0,1,1,0,1,0,1,0,1,0,1,0,1,0,1,0,1,0,1,0,1,0,1,0,1,0,1,0,1,1,1,1,0,0,0,0
scott,quality,c,1,0,0,1,0,1,1,0,1,0,0,1,0,1,1,0,1,0,0,1,0,1,1,0,1,0,0,1,0,1,1,0,0,0,1,0,1,0,1,0,1,1,0,1,1,1,1,0,0,0,1,0,1,0,1,0,1,1,0,1,1,0,1,0
scott,greatscott,c,1,1,1,1,0,1,1,0,1,0,1,1,0,1,1,0,1,0,0,0,0,0,0,0,1,0,0,0,0,1,1,1,1,1,1,1,0,1,1,0,1,0,1,1,0,1,1,0,1,0,0,0,0,0,0,0,1,0,0,0,0,0,0,0
scott,graceandbeauty,c,1,1,1,1,1,1,1,1,1,1,0,1,0,1,1,1,1,1,1,1,1,1,1,1,1,1,0,1,0,1,1,1,1,1,0,1,0,0,0,0,1,1,0,1,0,0,0,0,1,1,1,1,0,1,1,1,1,0,1,1,1,0,1,0
scott,froglegs,c,1,1,1,1,0,1,1,1,1,0,1,1,0,1,1,1,1,1,1,1,0,1,1,1,1,0,1,1,0,1,1,1,1,1,1,1,0,1,1,1,1,1,1,1,0,1,1,1,1,1,1,1,1,1,1,1,1,1,1,1,1,1,1,1
scott,fascinator,c,1,0,1,1,0,1,1,0,1,1,1,1,0,1,1,1,1,0,1,1,0,1,1,0,1,1,1,1,0,0,1,0,1,1,1,1,0,1,1,1,1,1,1,1,0,1,1,1,1,1,1,1,0,1,0,1,1,0,0,0,0,1,1,1
scott,evergreen,c,1,0,1,0,0,0,1,0,1,0,1,0,0,0,1,0,1,0,1,0,0,0,1,0,1,0,1,0,0,0,1,0,1,0,1,0,0,0,1,0,1,0,1,0,0,0,1,0,1,0,0,0,0,0,0,0,0,0,1,0,1,0,1,0
scott,efficiency,c,1,0,0,1,0,1,1,0,1,0,0,1,0,1,1,0,1,0,0,1,0,1,1,1,1,1,1,1,0,1,1,1,1,0,0,1,0,1,1,0,1,0,0,1,0,1,1,0,1,0,0,1,0,1,1,1,1,1,1,1,0,1,1,1
scott,dontjazzme,c,1,1,0,1,0,1,0,1,1,0,1,1,1,0,0,0,0,1,1,1,1,1,1,1,1,1,1,1,0,1,1,0,1,0,0,1,0,0,0,1,0,0,0,1,0,0,0,0,1,0,0,1,0,1,1,0,1,1,1,1,0,1,1,0
scott,climax,c,1,1,1,1,0,1,1,0,1,1,0,1,0,1,1,0,1,0,0,1,0,1,1,0,1,0,0,1,0,1,1,1,1,1,1,1,0,1,1,0,1,1,0,1,0,1,1,0,1,0,0,1,0,1,1,0,1,0,0,1,0,1,1,0
scott,broadway,c,0,1,1,1,1,1,0,1,1,0,1,1,0,1,1,1,1,1,1,1,1,1,0,1,1,0,1,1,0,1,1,1,1,1,1,1,1,1,0,1,1,0,1,1,0,1,1,1,1,1,1,1,1,1,0,1,0,0,0,1,0,1,1,1
scott,hilarity,c,1,1,1,1,1,1,1,1,1,0,1,1,0,1,0,1,1,0,1,1,0,1,0,1,1,0,1,1,0,1,1,1,1,1,1,1,1,1,1,1,1,0,1,1,0,1,0,1,1,0,1,1,0,1,0,1,1,0,0,0,1,1,1,1
scott,honeymoon,c,1,1,1,1,1,1,1,1,0,1,1,1,0,0,1,0,1,1,1,1,0,0,1,0,1,1,1,1,0,0,1,0,1,0,1,0,1,0,1,0,1,1,0,1,0,0,0,0,1,1,0,1,0,0,1,0,1,1,0,1,0,0,0,0
scott,kansascity,c,1,1,1,1,0,1,1,0,1,0,0,0,0,0,0,0,1,1,1,1,0,1,1,0,1,0,0,0,0,0,0,0,1,1,1,1,0,1,1,0,1,1,1,1,0,0,1,0,1,0,0,0,0,1,1,1,1,1,1,1,1,1,1,1
scott,paramount,c,1,1,0,1,0,1,1,1,1,1,0,1,0,1,1,1,1,1,1,1,1,1,0,1,0,0,0,0,0,1,1,1,1,1,0,1,0,1,1,1,1,1,0,1,0,1,1,1,1,1,1,1,1,1,1,1,1,0,0,0,0,1,1,1
scott,ophelia,c,1,1,0,1,0,0,0,0,1,1,0,1,0,0,0,0,0,0,1,0,1,0,1,0,1,1,0,1,0,0,0,0,0,0,1,0,1,0,1,0,1,1,0,1,0,0,0,0,0,0,1,0,1,0,1,0,1,1,0,1,0,0,0,0
scott,newera,c,1,0,0,1,0,0,0,0,1,0,0,1,0,0,0,0,1,0,0,1,0,0,0,1,0,0,0,0,0,0,0,0,0,1,1,1,1,1,0,1,0,0,0,0,1,0,0,0,0,1,1,1,1,1,0,1,0,0,0,0,1,0,1,0
scott,modesty,c,1,1,1,1,0,1,1,0,1,0,1,1,1,1,1,0,1,1,1,1,0,1,1,0,1,0,1,1,1,1,1,0,1,1,1,1,0,1,1,1,1,1,1,1,0,1,1,0,1,1,1,1,0,1,1,0,1,1,0,1,0,0,1,1
scott,prosperity,c,0,1,1,1,0,1,1,0,0,1,1,1,0,1,1,0,0,1,1,1,0,1,1,0,0,1,1,1,0,1,1,0,0,1,1,1,0,1,1,1,0,1,1,1,0,1,1,0,0,1,1,1,0,1,1,0,1,1,1,1,0,0,1,0
scott,peaceandplenty,c,1,0,1,0,0,0,1,0,1,0,1,0,0,0,1,0,1,1,1,1,0,0,0,0,1,1,1,1,0,0,0,0,0,0,1,0,0,0,0,0,0,0,1,0,0,0,1,0,1,1,1,1,0,0,0,0,0,0,1,0,1,0,1,0
scott,victory,c,1,0,1,1,0,1,1,0,1,1,0,1,0,1,1,1,1,0,1,1,0,1,1,0,1,1,0,1,0,1,1,1,1,0,1,1,0,1,1,0,1,1,0,1,0,1,1,1,1,0,1,1,0,1,1,0,1,1,0,1,0,1,1,1
scott,sunburst,c,0,1,1,1,1,1,0,1,1,0,1,0,1,0,1,1,0,1,1,1,1,1,0,1,1,0,1,0,1,0,1,1,0,1,1,1,1,1,0,1,1,1,0,1,1,1,0,1,1,1,1,1,1,1,1,1,1,0,1,0,1,0,1,1
scott,summerbreeze,c,0,1,1,0,0,1,1,0,0,1,1,0,0,1,1,0,0,1,1,1,0,1,1,1,0,1,1,1,0,1,1,1,0,1,1,0,0,1,1,0,0,1,1,1,0,1,1,1,1,1,1,1,1,1,1,1,1,0,1,1,1,1,1,1
scott,oriole,c,1,0,0,1,0,1,1,0,1,0,0,1,0,1,1,0,1,0,0,1,0,1,1,0,1,0,0,1,0,1,1,1,0,1,1,1,1,1,1,1,1,1,1,1,0,1,1,0,0,1,1,1,1,1,1,1,1,1,1,1,0,1,1,0
scott,betty,c,1,0,1,1,0,1,1,0,1,0,0,0,1,0,0,0,0,1,1,1,1,1,1,1,1,1,1,1,0,1,1,0,1,0,1,1,0,0,1,0,1,0,0,0,1,0,0,0,1,0,0,0,0,0,0,0,0,1,1,1,1,1,1,1
scott,sentimental,c,1,0,0,1,0,0,0,0,1,0,0,1,0,1,1,1,1,1,1,1,1,1,1,1,1,1,0,1,0,1,1,1,1,1,1,1,1,1,1,1,1,1,0,1,0,1,1,1,1,1,1,1,1,1,1,1,1,1,0,1,0,1,1,1
scott,princess,c,1,1,1,1,0,1,1,0,1,1,1,1,0,1,1,0,1,1,1,1,0,1,1,0,1,0,1,1,0,1,1,0,1,1,1,1,0,1,1,0,1,1,1,1,0,1,1,0,1,1,1,1,0,1,1,0,1,0,0,0,0,0,0,0
scott,pegasus,c,1,1,1,1,0,1,1,0,1,1,1,1,0,1,1,0,1,1,1,1,0,1,1,0,1,0,0,0,0,0,0,0,1,1,1,1,0,1,1,0,1,1,1,1,0,1,1,0,1,1,1,1,0,1,1,0,1,1,1,1,0,1,1,0
joplin,breeze,d,1,0,0,1,1,0,0,1,0,1,1,1,1,1,1,1,1,0,0,1,1,0,0,1,0,1,1,1,1,1,1,1,1,0,0,1,1,0,0,0,0,1,1,1,1,1,1,1,1,0,0,1,1,0,0,0,0,1,1,1,1,1,1,1
joplin,cascades,d,1,1,0,1,1,1,1,1,1,0,1,1,0,1,1,0,1,1,0,1,1,1,1,1,1,0,1,1,0,1,1,0,1,1,0,1,1,1,1,1,1,1,1,1,0,1,1,0,1,1,1,1,0,1,1,0,1,0,0,0,0,0,1,0
joplin,countryclub,d,1,0,0,1,1,1,0,0,1,0,0,1,1,1,1,0,1,1,1,1,1,1,1,1,1,1,1,1,1,1,1,1,1,0,0,1,1,1,0,0,1,0,0,1,1,1,1,0,1,1,1,1,1,1,1,1,1,1,1,1,1,1,1,1
joplin,winners,d,1,0,1,1,0,0,0,0,1,0,1,1,1,1,1,1,1,0,1,1,0,0,0,0,1,0,1,1,0,0,0,0,0,0,1,1,0,0,0,0,0,0,1,1,0,0,0,0,0,0,1,1,0,0,0,0,0,0,1,1,0,1,1,1
joplin,elite,d,0,1,1,1,1,1,0,1,1,1,1,1,0,1,0,1,1,1,1,1,1,1,0,1,1,1,1,1,1,1,0,1,1,1,1,1,1,1,0,1,1,1,1,1,0,1,0,1,1,1,1,1,1,1,0,1,1,1,1,1,0,1,0,1
joplin,entertainer,d,1,0,1,1,0,1,1,0,0,1,1,1,1,1,1,1,1,0,1,1,0,1,1,0,0,1,1,1,1,1,1,1,1,0,1,1,0,1,1,0,0,1,1,1,1,1,1,1,1,1,1,0,0,0,1,0,1,0,1,1,1,0,1,0
joplin,eugenia,d,1,1,1,1,1,1,0,1,1,0,1,1,0,1,1,0,1,1,1,1,1,1,1,1,1,0,1,0,1,0,1,1,1,1,1,1,1,1,0,1,1,0,1,1,0,1,1,0,1,1,1,1,1,1,1,1,1,0,1,0,1,0,1,1
joplin,favorite,d,1,0,0,0,1,0,0,0,1,0,0,0,1,0,0,0,1,0,1,0,1,0,0,0,0,0,1,1,1,1,1,1,1,0,1,0,1,0,0,0,0,0,1,1,1,1,1,1,1,0,1,0,1,0,0,0,0,0,1,1,1,0,1,0
joplin,figleaf,d,1,0,1,1,1,1,1,1,1,1,0,1,0,0,0,0,1,0,1,1,1,1,1,1,1,1,0,1,0,0,0,0,1,0,1,1,1,1,1,1,1,1,0,1,0,0,0,0,1,0,1,1,1,1,1,0,1,0,1,1,1,0,0,0
joplin,gladiolus,d,1,1,0,1,1,0,1,1,0,1,1,0,1,0,1,0,1,1,0,1,1,0,1,1,0,1,1,0,1,0,1,0,1,1,0,1,1,0,1,1,0,1,1,0,1,0,1,0,1,1,0,1,0,0,1,0,1,0,0,0,0,0,1,0
joplin,leola,d,1,1,1,1,1,1,1,1,1,0,1,1,0,1,1,1,1,0,1,1,0,1,1,1,1,0,1,1,0,1,1,1,1,1,1,1,1,1,1,1,1,0,1,1,0,1,1,1,1,0,1,1,0,1,1,1,1,0,0,0,1,1,1,1
joplin,magnetic,d,1,1,1,1,1,1,1,1,1,1,0,1,1,0,1,0,1,0,1,1,0,1,1,0,1,0,1,1,0,1,1,0,1,0,1,0,0,0,1,0,1,0,1,0,1,0,1,0,1,0,1,0,0,0,1,0,1,0,1,1,1,1,1,0
joplin,mapleleaf,d,1,0,1,0,1,0,1,0,1,0,1,1,0,1,1,1,1,1,0,1,0,0,0,0,0,1,1,1,1,1,0,1,1,0,1,1,0,0,0,0,0,1,1,1,1,1,0,1,0,1,1,1,1,1,0,1,0,1,1,1,1,1,0,1
joplin,nonpareil,d,1,1,1,1,1,1,0,1,1,1,1,1,0,1,1,0,1,1,1,1,0,1,1,0,1,0,0,0,0,1,1,1,1,1,1,1,0,1,1,0,1,0,0,0,0,1,1,1,1,1,1,1,0,1,1,1,1,0,0,0,1,0,1,0
joplin,original,d,1,0,0,1,1,1,1,0,1,0,0,1,1,1,1,0,0,0,1,1,0,0,1,1,0,1,0,1,1,0,1,0,1,0,0,1,1,1,1,0,1,0,0,1,1,1,1,0,0,0,1,1,0,0,1,1,0,1,0,1,1,0,1,0
joplin,paragon,d,1,1,1,1,1,1,1,1,1,1,1,1,0,1,1,1,1,1,1,1,1,1,1,1,1,1,1,1,0,1,1,0,1,1,1,1,1,1,1,1,1,1,1,1,1,1,1,1,1,1,1,1,0,1,1,1,1,1,0,1,0,1,1,1
joplin,peacherine,d,1,1,0,1,1,0,1,1,1,0,1,0,0,0,1,0,1,1,0,1,1,0,1,1,1,0,1,0,0,0,1,0,1,1,0,1,0,1,1,1,1,0,1,0,0,1,1,1,1,1,1,1,1,1,0,1,1,0,0,0,1,0,1,0
joplin,pineapple,d,1,1,0,1,0,0,0,0,0,1,1,1,1,1,0,1,1,1,0,1,0,0,0,0,0,1,1,1,1,1,0,0,1,1,0,1,0,1,1,0,1,1,0,1,0,1,1,0,1,1,0,1,0,1,1,0,1,1,0,1,0,1,1,1
joplin,reflection,d,1,1,1,1,1,1,1,1,1,1,1,1,1,1,1,1,1,1,1,1,1,0,1,0,1,1,1,1,1,1,1,1,1,1,1,1,0,1,1,0,1,1,1,1,0,1,1,0,1,1,1,1,0,1,1,1,1,0,0,0,1,0,1,0
joplin,roseleaf,d,1,1,1,1,0,1,0,1,1,1,1,1,0,1,0,1,1,1,1,1,0,1,0,1,1,1,1,1,0,1,0,1,1,1,1,1,0,1,0,1,1,1,1,1,0,1,0,1,1,1,1,1,0,1,0,1,1,1,1,1,0,1,1,0
joplin,newrag,d,1,1,1,1,0,1,1,1,1,1,1,1,1,1,1,0,1,1,1,1,0,1,1,1,1,1,1,1,1,0,1,1,1,0,1,1,1,0,1,1,1,0,1,1,1,0,1,1,1,0,1,1,1,0,1,0,1,0,1,1,1,0,1,1
joplin,searchlight,d,1,1,0,1,1,0,1,1,0,1,1,1,1,1,1,1,1,1,0,1,1,0,1,1,0,1,1,1,1,1,1,1,1,1,1,1,0,1,1,0,1,1,1,1,1,1,1,0,1,1,1,1,0,1,1,1,1,0,0,0,0,0,1,1
joplin,stoptime,d,0,0,1,0,1,0,1,0,1,0,0,0,1,0,0,0,0,0,1,0,0,0,1,0,1,0,0,0,1,0,0,0,0,0,1,0,1,0,1,0,1,0,0,0,1,0,0,0,1,0,0,0,1,0,0,0,0,0,1,0,1,0,0,0
joplin,strenuous,d,1,1,1,1,0,1,0,1,1,0,0,0,0,1,0,1,1,1,1,1,0,1,0,1,1,0,0,0,0,1,0,1,1,1,1,1,0,1,0,1,1,0,0,0,0,1,0,1,1,1,1,1,0,1,0,1,1,0,0,0,0,1,0,1
joplin,sugarcane,d,0,1,1,1,1,1,0,1,0,1,1,0,1,0,1,1,0,0,1,0,1,1,0,1,0,0,0,0,0,0,1,0,1,0,1,0,1,1,0,1,1,0,0,0,0,0,1,0,1,0,1,0,1,1,0,1,0,0,0,0,0,0,0,0
joplin,sycamore,d,1,1,0,1,0,0,0,0,0,1,1,1,1,1,0,1,1,1,0,1,0,0,0,0,0,1,1,1,1,1,0,1,1,1,1,1,0,1,1,1,1,0,0,0,0,0,0,0,1,1,1,1,0,1,1,1,1,0,0,0,0,0,1,1
joplin,wallstreet,d,1,1,1,1,1,1,1,1,1,1,0,1,0,1,1,1,1,1,1,1,1,1,1,1,1,1,0,1,0,1,1,1,1,1,1,1,1,1,1,1,1,1,0,1,0,1,1,1,1,1,1,1,1,1,1,1,1,0,0,0,1,0,1,1
joplin,weepingwillow,d,1,0,0,0,1,0,0,0,0,1,1,1,1,1,1,1,1,1,1,1,0,0,0,0,1,1,1,1,1,1,1,1,1,0,1,1,0,1,1,0,1,0,0,0,0,1,1,1,1,0,1,1,0,1,1,0,1,0,0,0,0,1,1,1
lamb,americanbeauty,d,1,1,0,1,0,1,1,0,0,1,0,1,0,1,1,0,0,1,0,1,0,1,1,0,0,1,0,1,0,1,1,0,1,1,1,1,1,1,0,1,0,0,1,1,1,1,1,1,0,1,1,1,1,1,0,1,0,0,1,0,1,0,1,0
lamb,champagne,d,1,0,1,1,0,1,1,1,1,0,1,1,0,1,1,1,1,1,1,0,1,1,1,0,0,0,1,0,1,0,0,0,1,0,1,1,0,1,1,1,1,0,1,1,0,1,1,1,1,1,1,0,1,1,1,0,0,0,1,0,1,0,0,0
lamb,contentment,d,1,0,1,1,1,1,0,1,1,1,1,1,0,1,0,1,1,0,1,1,1,1,0,1,1,1,1,1,0,1,0,1,1,0,1,1,1,1,0,1,1,1,1,1,0,1,0,1,1,0,1,0,1,0,1,0,1,0,0,0,0,0,1,0
lamb,topliner,d,1,1,1,1,0,1,1,1,1,1,0,0,1,1,0,0,1,1,0,1,0,0,0,0,0,1,1,1,1,1,1,1,1,1,0,1,0,0,0,0,0,1,1,1,1,1,1,1,1,1,0,1,0,0,0,0,0,1,1,0,1,0,1,0
lamb,sensation,d,1,1,1,1,0,1,1,1,0,1,1,1,0,1,1,1,1,0,1,1,0,1,1,1,1,0,1,1,0,1,1,1,0,1,1,1,1,1,1,1,0,1,1,1,0,1,1,1,1,0,1,1,0,1,1,1,1,0,1,1,0,1,1,1
lamb,reindeer,d,1,0,1,1,0,0,1,0,1,1,0,1,0,0,1,0,1,0,1,1,0,0,1,0,1,1,0,1,0,0,1,0,1,0,1,1,0,1,1,1,1,0,1,0,1,0,1,0,1,0,1,1,0,0,1,0,1,0,1,1,0,0,1,0
lamb,patricia,d,1,0,0,0,0,0,0,0,1,1,1,0,1,1,0,1,0,1,1,0,1,1,0,1,1,0,1,1,0,1,1,0,1,0,0,1,0,1,1,0,1,1,0,1,0,0,1,0,1,1,0,1,0,1,0,1,1,0,1,0,1,0,1,0
lamb,excelsior,d,1,0,1,1,0,0,1,0,1,0,1,1,0,1,1,1,1,0,1,0,1,0,1,0,1,0,1,1,1,1,0,1,1,1,0,1,0,0,0,1,0,0,1,1,1,1,0,1,0,0,1,0,1,0,1,0,1,0,1,1,1,1,0,1
lamb,ethiopia,d,1,1,1,1,0,1,1,1,0,1,1,1,0,1,1,1,1,1,1,1,0,1,1,1,0,1,1,1,0,1,1,1,1,1,1,1,0,1,1,1,1,0,1,1,0,1,1,0,1,1,1,1,0,1,1,1,1,0,1,1,0,1,1,0
scott,quality,d,1,0,1,1,0,1,1,0,1,0,1,0,1,0,1,0,1,0,1,1,0,1,1,0,1,0,1,0,1,0,1,0,1,0,1,1,0,1,1,0,1,0,1,0,1,0,1,0,1,0,1,1,0,1,1,0,1,0,1,0,1,0,1,0
scott,greatscott,d,1,1,1,1,0,1,1,1,1,1,1,1,0,1,1,1,1,1,0,1,1,0,0,0,1,1,0,1,1,0,0,0,1,1,0,1,1,0,0,0,1,1,0,1,1,0,0,0,1,1,0,1,1,0,0,0,1,1,0,1,1,1,0,1
scott,graceandbeauty,d,1,1,0,1,1,0,0,0,1,1,0,1,1,0,0,0,1,1,0,1,1,0,0,0,1,1,0,1,1,0,0,0,1,1,0,1,0,0,1,0,1,1,1,1,0,1,1,0,1,0,0,0,0,0,0,0,0,0,1,0,1,0,1,0
scott,froglegs,d,1,0,1,1,0,1,1,1,1,0,1,1,0,1,1,1,1,0,1,1,0,1,1,1,1,0,1,1,0,1,1,1,1,1,1,1,1,1,1,1,1,0,1,1,0,1,1,1,1,1,1,1,1,1,1,1,1,0,1,1,0,1,1,1
scott,fascinator,d,0,1,1,1,1,1,0,1,1,1,1,1,0,1,1,1,1,1,1,1,0,1,1,1,1,1,1,1,0,1,1,1,0,1,1,1,1,1,0,1,1,1,1,1,0,1,1,1,1,1,1,1,0,1,1,1,0,0,1,0,1,0,1,0
scott,efficiency,d,1,1,1,1,0,1,1,1,1,1,1,1,0,1,1,1,1,1,1,1,0,1,1,1,1,1,1,1,0,1,1,1,1,1,1,1,0,1,1,1,1,1,1,1,0,1,1,0,1,1,1,1,0,0,0,0,1,1,1,1,1,0,0,0
scott,hilarity,d,1,1,0,1,1,0,1,1,0,1,1,0,1,0,1,0,1,1,0,1,1,0,1,1,0,1,1,0,1,0,1,0,1,1,0,1,1,0,1,1,1,1,1,0,1,0,1,1,0,1,1,1,1,1,1,1,0,1,1,1,1,1,1,1
scott,paramount,d,1,1,0,1,1,0,1,1,0,1,1,0,1,0,1,0,1,1,0,1,1,0,1,1,0,1,1,0,1,0,1,0,1,1,0,1,0,0,0,0,1,1,0,1,0,0,0,0,1,1,0,1,0,0,0,0,0,0,1,0,1,0,1,0
scott,prosperity,d,1,1,0,1,0,0,0,0,1,0,1,1,0,0,0,0,1,1,0,1,0,0,0,0,1,0,1,1,0,0,0,0,1,1,0,1,0,0,0,0,1,1,0,1,0,0,1,0,1,1,0,1,0,1,1,1,1,1,0,1,0,1,1,1
scott,summerbreeze,d,1,1,1,1,1,1,0,1,1,1,1,1,0,1,1,1,1,1,1,1,0,1,1,1,1,1,1,1,1,1,1,1,1,1,1,1,1,1,0,1,1,1,1,1,0,1,1,1,1,1,1,1,1,1,1,1,1,1,1,1,1,1,1,1
scott,oriole,d,1,1,0,1,1,0,1,1,0,1,1,1,1,1,1,1,1,1,0,1,1,0,1,1,0,1,1,1,1,1,1,1,1,1,0,1,1,0,1,1,0,1,1,1,1,1,1,1,1,1,0,1,1,0,1,1,0,1,1,0,1,0,1,0
scott,betty,d,1,1,1,1,0,1,1,1,1,0,1,1,0,1,1,0,1,1,0,1,0,0,1,0,1,1,0,1,0,0,1,0,1,1,0,1,0,0,1,0,1,1,0,1,0,0,1,0,1,1,0,1,0,0,1,0,1,1,0,1,0,1,1,1
scott,sentimental,d,1,1,0,1,1,0,1,1,0,1,0,1,1,0,1,0,1,1,0,1,1,0,1,1,0,1,1,0,1,0,1,0,1,1,0,1,1,0,1,1,0,1,1,0,1,0,1,0,1,0,1,1,0,1,1,0,1,0,0,0,0,1,1,1
joplin,original,e,1,1,0,1,1,0,1,1,0,1,1,1,1,0,1,0,1,1,0,1,1,0,1,1,0,1,1,1,1,1,1,1,0,0,1,0,0,1,1,1,0,1,1,1,1,1,1,1,0,0,1,0,0,1,1,1,0,1,1,1,1,1,1,1
joplin,reflection,e,1,0,1,1,0,1,1,1,1,0,0,0,0,0,1,1,1,0,1,1,0,1,1,1,1,0,0,0,0,0,1,0,1,1,0,1,1,1,1,1,0,0,0,0,0,0,1,0,1,1,0,1,1,1,1,1,0,0,0,0,0,0,1,1
joplin,stoptime,e,1,1,1,0,1,1,1,0,1,1,1,0,1,0,1,1,1,0,1,0,0,0,1,0,1,0,0,0,1,0,1,1,1,1,1,0,1,1,1,0,1,1,1,0,1,0,1,0,1,0,0,0,0,0,0,0,0,0,1,0,1,0,1,1
lamb,champagne,e,1,0,1,1,1,0,1,1,1,1,1,1,0,1,1,1,1,0,1,0,1,0,1,0,1,1,1,1,0,1,1,1,1,0,1,1,0,1,1,0,1,0,1,1,0,1,1,0,1,0,1,1,0,0,1,0,1,0,1,1,0,0,0,0
joplin,stoptime,f,1,0,1,0,0,0,1,0,1,0,1,0,0,0,1,0,1,0,1,1,1,0,0,0,0,0,1,0,1,0,0,0,1,0,1,0,0,0,1,0,1,0,1,0,0,0,1,0,1,0,1,1,1,0,0,0,0,0,1,0,1,0,0,0
joplin,stoptime,g,0,1,1,1,1,1,1,1,0,1,1,1,1,0,0,0,0,1,1,1,1,1,1,1,0,1,1,1,1,0,0,0,0,1,1,1,1,1,1,1,1,0,1,0,1,0,1,0,1,0,0,0,0,0,0,0,0,0,1,0,1,0,0,0